id,timestamp,image_path,target
1,2023-12-18 14:13:58.134500,background/background_13.jpg,0
2,2023-12-18 14:13:58.152178,background/background_14.jpg,0
3,2023-12-18 14:13:58.157991,background/background_15.jpg,0
4,2023-12-18 14:13:58.161765,background/background_16.jpg,0
5,2023-12-18 14:13:58.165318,background/background_19.jpg,0
6,2023-12-18 14:13:58.168607,background/background_20.jpg,0
7,2023-12-18 14:13:58.171933,background/background_25.jpg,0
8,2023-12-18 14:13:58.175132,background/background_27.jpg,0
9,2023-12-18 14:13:58.178236,background/background_28.jpg,0
10,2023-12-18 14:13:58.182359,background/background_29.jpg,0
11,2023-12-18 14:13:58.186434,background/background_3.jpg,0
12,2023-12-18 14:13:58.190040,background/background_33.jpg,0
13,2023-12-18 14:13:58.193555,background/background_35.jpg,0
14,2023-12-18 14:13:58.196452,background/background_39.jpg,0
15,2023-12-18 14:13:58.199389,background/background_40.jpg,0
16,2023-12-18 14:13:58.202851,background/background_41.jpg,0
17,2023-12-18 14:13:58.206809,background/background_42.jpg,0
18,2023-12-18 14:13:58.210050,background/background_44.jpg,0
19,2023-12-18 14:13:58.212520,background/background_45.jpg,0
20,2023-12-18 14:13:58.215173,background/background_46.jpg,0
21,2023-12-18 14:13:58.217514,background/background_48.jpg,0
22,2023-12-18 14:13:58.219614,background/background_49.jpg,0
23,2023-12-18 14:13:58.221813,background/background_53.jpg,0
24,2023-12-18 14:13:58.224078,background/background_59.jpg,0
25,2023-12-18 14:13:58.226126,background/background_60.jpg,0
26,2023-12-18 14:13:58.228042,background/background_61.jpg,0
27,2023-12-18 14:13:58.229984,background/background_62.jpg,0
28,2023-12-18 14:13:58.231991,background/background_63.jpg,0
29,2023-12-18 14:13:58.234058,background/background_64.jpg,0
30,2023-12-18 14:13:58.236512,background/background_65.jpg,0
31,2023-12-18 14:13:58.238839,background/background_66.jpg,0
32,2023-12-18 14:13:58.240834,background/background_67.jpg,0
33,2023-12-18 14:13:58.243167,background/background_68.jpg,0
34,2023-12-18 14:13:58.246291,background/background_7.jpg,0
35,2023-12-18 14:13:58.251284,background/background_70.jpg,0
36,2023-12-18 14:13:58.254191,background/background_71.jpg,0
37,2023-12-18 14:13:58.256420,background/background_72.jpg,0
38,2023-12-18 14:13:58.259039,background/background_74.jpg,0
39,2023-12-18 14:13:58.261840,background/background_76.jpg,0
40,2023-12-18 14:13:58.264444,background/background_81.jpg,0
41,2023-12-18 14:13:58.266422,background/background_82.jpg,0
42,2023-12-18 14:13:58.271293,background/background_83.jpg,0
43,2023-12-18 14:13:58.274728,background/background_84.jpg,0
44,2023-12-18 14:13:58.277249,brick/brick_0.jpg,1
45,2023-12-18 14:13:58.279354,brick/brick_10.jpg,1
46,2023-12-18 14:13:58.281334,brick/brick_100.jpg,1
47,2023-12-18 14:13:58.283487,brick/brick_104.jpg,1
48,2023-12-18 14:13:58.285444,brick/brick_106.jpg,1
49,2023-12-18 14:13:58.287421,brick/brick_107.jpg,1
50,2023-12-18 14:13:58.289801,brick/brick_108.jpg,1
51,2023-12-18 14:13:58.292103,brick/brick_109.jpg,1
52,2023-12-18 14:13:58.294178,brick/brick_11.jpg,1
53,2023-12-18 14:13:58.296347,brick/brick_110.jpg,1
54,2023-12-18 14:13:58.298299,brick/brick_112.jpg,1
55,2023-12-18 14:13:58.300374,brick/brick_114.jpg,1
56,2023-12-18 14:13:58.302460,brick/brick_116.jpg,1
57,2023-12-18 14:13:58.304324,brick/brick_124.jpg,1
58,2023-12-18 14:13:58.306665,brick/brick_125.jpg,1
59,2023-12-18 14:13:58.308648,brick/brick_126.jpg,1
60,2023-12-18 14:13:58.310621,brick/brick_128.jpg,1
61,2023-12-18 14:13:58.312624,brick/brick_130.jpg,1
62,2023-12-18 14:13:58.314804,brick/brick_131.jpg,1
63,2023-12-18 14:13:58.316797,brick/brick_132.jpg,1
64,2023-12-18 14:13:58.318844,brick/brick_133.jpg,1
65,2023-12-18 14:13:58.321086,brick/brick_135.jpg,1
66,2023-12-18 14:13:58.323182,brick/brick_136.jpg,1
67,2023-12-18 14:13:58.325302,brick/brick_138.jpg,1
68,2023-12-18 14:13:58.327444,brick/brick_141.jpg,1
69,2023-12-18 14:13:58.329494,brick/brick_144.jpg,1
70,2023-12-18 14:13:58.331417,brick/brick_145.jpg,1
71,2023-12-18 14:13:58.333703,brick/brick_146.jpg,1
72,2023-12-18 14:13:58.336068,brick/brick_148.jpg,1
73,2023-12-18 14:13:58.338125,brick/brick_149.jpg,1
74,2023-12-18 14:13:58.340177,brick/brick_15.jpg,1
75,2023-12-18 14:13:58.342132,brick/brick_150.jpg,1
76,2023-12-18 14:13:58.344050,brick/brick_152.jpg,1
77,2023-12-18 14:13:58.346258,brick/brick_154.jpg,1
78,2023-12-18 14:13:58.348161,brick/brick_156.jpg,1
79,2023-12-18 14:13:58.353709,brick/brick_157.jpg,1
80,2023-12-18 14:13:58.355970,brick/brick_16.jpg,1
81,2023-12-18 14:13:58.358180,brick/brick_163.jpg,1
82,2023-12-18 14:13:58.360061,brick/brick_164.jpg,1
83,2023-12-18 14:13:58.362076,brick/brick_168.jpg,1
84,2023-12-18 14:13:58.364252,brick/brick_169.jpg,1
85,2023-12-18 14:13:58.366353,brick/brick_17.jpg,1
86,2023-12-18 14:13:58.370121,brick/brick_170.jpg,1
87,2023-12-18 14:13:58.375846,brick/brick_171.jpg,1
88,2023-12-18 14:13:58.378691,brick/brick_174.jpg,1
89,2023-12-18 14:13:58.380860,brick/brick_175.jpg,1
90,2023-12-18 14:13:58.383187,brick/brick_176.jpg,1
91,2023-12-18 14:13:58.385581,brick/brick_177.jpg,1
92,2023-12-18 14:13:58.387883,brick/brick_178.jpg,1
93,2023-12-18 14:13:58.389990,brick/brick_18.jpg,1
94,2023-12-18 14:13:58.392106,brick/brick_181.jpg,1
95,2023-12-18 14:13:58.394193,brick/brick_183.jpg,1
96,2023-12-18 14:13:58.396242,brick/brick_184.jpg,1
97,2023-12-18 14:13:58.398536,brick/brick_186.jpg,1
98,2023-12-18 14:13:58.400795,brick/brick_188.jpg,1
99,2023-12-18 14:13:58.402917,brick/brick_189.jpg,1
100,2023-12-18 14:13:58.404969,brick/brick_19.jpg,1
101,2023-12-18 14:13:58.407083,brick/brick_191.jpg,1
102,2023-12-18 14:13:58.409032,brick/brick_195.jpg,1
103,2023-12-18 14:13:58.411552,brick/brick_197.jpg,1
104,2023-12-18 14:13:58.414164,brick/brick_198.jpg,1
105,2023-12-18 14:13:58.416859,brick/brick_20.jpg,1
106,2023-12-18 14:13:58.419084,brick/brick_201.jpg,1
107,2023-12-18 14:13:58.421042,brick/brick_204.jpg,1
108,2023-12-18 14:13:58.423079,brick/brick_205.jpg,1
109,2023-12-18 14:13:58.425012,brick/brick_206.jpg,1
110,2023-12-18 14:13:58.427101,brick/brick_207.jpg,1
111,2023-12-18 14:13:58.429342,brick/brick_208.jpg,1
112,2023-12-18 14:13:58.431730,brick/brick_210.jpg,1
113,2023-12-18 14:13:58.433600,brick/brick_211.jpg,1
114,2023-12-18 14:13:58.435484,brick/brick_212.jpg,1
115,2023-12-18 14:13:58.437340,brick/brick_213.jpg,1
116,2023-12-18 14:13:58.439218,brick/brick_215.jpg,1
117,2023-12-18 14:13:58.441183,brick/brick_217.jpg,1
118,2023-12-18 14:13:58.443083,brick/brick_220.jpg,1
119,2023-12-18 14:13:58.444960,brick/brick_222.jpg,1
120,2023-12-18 14:13:58.446905,brick/brick_224.jpg,1
121,2023-12-18 14:13:58.448752,brick/brick_225.jpg,1
122,2023-12-18 14:13:58.450632,brick/brick_23.jpg,1
123,2023-12-18 14:13:58.452476,brick/brick_230.jpg,1
124,2023-12-18 14:13:58.454327,brick/brick_232.jpg,1
125,2023-12-18 14:13:58.456219,brick/brick_233.jpg,1
126,2023-12-18 14:13:58.458050,brick/brick_237.jpg,1
127,2023-12-18 14:13:58.460054,brick/brick_238.jpg,1
128,2023-12-18 14:13:58.462459,brick/brick_24.jpg,1
129,2023-12-18 14:13:58.464828,brick/brick_240.jpg,1
130,2023-12-18 14:13:58.467222,brick/brick_241.jpg,1
131,2023-12-18 14:13:58.469453,brick/brick_243.jpg,1
132,2023-12-18 14:13:58.471686,brick/brick_247.jpg,1
133,2023-12-18 14:13:58.473614,brick/brick_249.jpg,1
134,2023-12-18 14:13:58.475488,brick/brick_25.jpg,1
135,2023-12-18 14:13:58.477372,brick/brick_253.jpg,1
136,2023-12-18 14:13:58.479322,brick/brick_254.jpg,1
137,2023-12-18 14:13:58.481258,brick/brick_256.jpg,1
138,2023-12-18 14:13:58.483347,brick/brick_26.jpg,1
139,2023-12-18 14:13:58.485274,brick/brick_261.jpg,1
140,2023-12-18 14:13:58.487137,brick/brick_262.jpg,1
141,2023-12-18 14:13:58.489060,brick/brick_266.jpg,1
142,2023-12-18 14:13:58.491183,brick/brick_269.jpg,1
143,2023-12-18 14:13:58.493489,brick/brick_275.jpg,1
144,2023-12-18 14:13:58.495661,brick/brick_276.jpg,1
145,2023-12-18 14:13:58.497836,brick/brick_277.jpg,1
146,2023-12-18 14:13:58.500110,brick/brick_28.jpg,1
147,2023-12-18 14:13:58.502347,brick/brick_282.jpg,1
148,2023-12-18 14:13:58.504813,brick/brick_285.jpg,1
149,2023-12-18 14:13:58.507319,brick/brick_287.jpg,1
150,2023-12-18 14:13:58.509752,brick/brick_288.jpg,1
151,2023-12-18 14:13:58.511849,brick/brick_29.jpg,1
152,2023-12-18 14:13:58.513942,brick/brick_36.jpg,1
153,2023-12-18 14:13:58.516132,brick/brick_37.jpg,1
154,2023-12-18 14:13:58.518337,brick/brick_41.jpg,1
155,2023-12-18 14:13:58.520368,brick/brick_43.jpg,1
156,2023-12-18 14:13:58.522617,brick/brick_45.jpg,1
157,2023-12-18 14:13:58.524841,brick/brick_46.jpg,1
158,2023-12-18 14:13:58.527002,brick/brick_47.jpg,1
159,2023-12-18 14:13:58.530099,brick/brick_50.jpg,1
160,2023-12-18 14:13:58.533108,brick/brick_51.jpg,1
161,2023-12-18 14:13:58.535786,brick/brick_52.jpg,1
162,2023-12-18 14:13:58.538501,brick/brick_54.jpg,1
163,2023-12-18 14:13:58.541020,brick/brick_55.jpg,1
164,2023-12-18 14:13:58.543325,brick/brick_56.jpg,1
165,2023-12-18 14:13:58.545632,brick/brick_57.jpg,1
166,2023-12-18 14:13:58.548092,brick/brick_58.jpg,1
167,2023-12-18 14:13:58.551016,brick/brick_59.jpg,1
168,2023-12-18 14:13:58.553412,brick/brick_60.jpg,1
169,2023-12-18 14:13:58.556170,brick/brick_65.jpg,1
170,2023-12-18 14:13:58.558627,brick/brick_71.jpg,1
171,2023-12-18 14:13:58.561076,brick/brick_72.jpg,1
172,2023-12-18 14:13:58.563320,brick/brick_74.jpg,1
173,2023-12-18 14:13:58.565504,brick/brick_75.jpg,1
174,2023-12-18 14:13:58.567782,brick/brick_77.jpg,1
175,2023-12-18 14:13:58.570265,brick/brick_78.jpg,1
176,2023-12-18 14:13:58.572804,brick/brick_79.jpg,1
177,2023-12-18 14:13:58.575202,brick/brick_8.jpg,1
178,2023-12-18 14:13:58.577711,brick/brick_80.jpg,1
179,2023-12-18 14:13:58.580079,brick/brick_81.jpg,1
180,2023-12-18 14:13:58.582433,brick/brick_83.jpg,1
181,2023-12-18 14:13:58.584509,brick/brick_84.jpg,1
182,2023-12-18 14:13:58.587136,brick/brick_86.jpg,1
183,2023-12-18 14:13:58.589712,brick/brick_87.jpg,1
184,2023-12-18 14:13:58.592313,brick/brick_89.jpg,1
185,2023-12-18 14:13:58.595006,brick/brick_9.jpg,1
186,2023-12-18 14:13:58.597430,brick/brick_92.jpg,1
187,2023-12-18 14:13:58.599349,brick/brick_95.jpg,1
188,2023-12-18 14:13:58.601425,brick/brick_99.jpg,1
189,2023-12-18 14:13:58.603464,concrete/concrete1.jpg,2
190,2023-12-18 14:13:58.605343,concrete/concrete104.jpg,2
191,2023-12-18 14:13:58.607182,concrete/concrete107.jpg,2
192,2023-12-18 14:13:58.609028,concrete/concrete109.jpg,2
193,2023-12-18 14:13:58.611004,concrete/concrete110.jpg,2
194,2023-12-18 14:13:58.612970,concrete/concrete112.jpg,2
195,2023-12-18 14:13:58.615009,concrete/concrete114.jpg,2
196,2023-12-18 14:13:58.616992,concrete/concrete117.jpg,2
197,2023-12-18 14:13:58.618968,concrete/concrete118.jpg,2
198,2023-12-18 14:13:58.620885,concrete/concrete120.jpg,2
199,2023-12-18 14:13:58.622876,concrete/concrete121.jpg,2
200,2023-12-18 14:13:58.624740,concrete/concrete122.jpg,2
201,2023-12-18 14:13:58.626603,concrete/concrete126.jpg,2
202,2023-12-18 14:13:58.628447,concrete/concrete127.jpg,2
203,2023-12-18 14:13:58.630263,concrete/concrete131.jpg,2
204,2023-12-18 14:13:58.632184,concrete/concrete132.jpg,2
205,2023-12-18 14:13:58.634185,concrete/concrete133.jpg,2
206,2023-12-18 14:13:58.636346,concrete/concrete134.jpg,2
207,2023-12-18 14:13:58.638575,concrete/concrete137.jpg,2
208,2023-12-18 14:13:58.640793,concrete/concrete138.jpg,2
209,2023-12-18 14:13:58.642983,concrete/concrete139.jpg,2
210,2023-12-18 14:13:58.645164,concrete/concrete140.jpg,2
211,2023-12-18 14:13:58.647447,concrete/concrete141.jpg,2
212,2023-12-18 14:13:58.649846,concrete/concrete143.jpg,2
213,2023-12-18 14:13:58.652007,concrete/concrete145.jpg,2
214,2023-12-18 14:13:58.653948,concrete/concrete146.jpg,2
215,2023-12-18 14:13:58.655923,concrete/concrete147.jpg,2
216,2023-12-18 14:13:58.657801,concrete/concrete148.jpg,2
217,2023-12-18 14:13:58.659703,concrete/concrete149.jpg,2
218,2023-12-18 14:13:58.661597,concrete/concrete154.jpg,2
219,2023-12-18 14:13:58.663755,concrete/concrete155.jpg,2
220,2023-12-18 14:13:58.665990,concrete/concrete158.jpg,2
221,2023-12-18 14:13:58.668079,concrete/concrete16.jpg,2
222,2023-12-18 14:13:58.669992,concrete/concrete162.jpg,2
223,2023-12-18 14:13:58.671869,concrete/concrete165.jpg,2
224,2023-12-18 14:13:58.673766,concrete/concrete166.jpg,2
225,2023-12-18 14:13:58.675644,concrete/concrete168.jpg,2
226,2023-12-18 14:13:58.681006,concrete/concrete169.jpg,2
227,2023-12-18 14:13:58.683345,concrete/concrete170.jpg,2
228,2023-12-18 14:13:58.685798,concrete/concrete171.jpg,2
229,2023-12-18 14:13:58.688099,concrete/concrete174.jpg,2
230,2023-12-18 14:13:58.690536,concrete/concrete177.jpg,2
231,2023-12-18 14:13:58.692808,concrete/concrete178.jpg,2
232,2023-12-18 14:13:58.696048,concrete/concrete184.jpg,2
233,2023-12-18 14:13:58.698569,concrete/concrete187.jpg,2
234,2023-12-18 14:13:58.701104,concrete/concrete188.jpg,2
235,2023-12-18 14:13:58.703487,concrete/concrete189.jpg,2
236,2023-12-18 14:13:58.705533,concrete/concrete19.jpg,2
237,2023-12-18 14:13:58.707503,concrete/concrete192.jpg,2
238,2023-12-18 14:13:58.710640,concrete/concrete193.jpg,2
239,2023-12-18 14:13:58.715093,concrete/concrete194.jpg,2
240,2023-12-18 14:13:58.719606,concrete/concrete195.jpg,2
241,2023-12-18 14:13:58.722822,concrete/concrete2.jpg,2
242,2023-12-18 14:13:58.725709,concrete/concrete20.jpg,2
243,2023-12-18 14:13:58.729638,concrete/concrete200.jpg,2
244,2023-12-18 14:13:58.732500,concrete/concrete202.jpg,2
245,2023-12-18 14:13:58.737160,concrete/concrete205.jpg,2
246,2023-12-18 14:13:58.741947,concrete/concrete208.jpg,2
247,2023-12-18 14:13:58.745400,concrete/concrete214.jpg,2
248,2023-12-18 14:13:58.748587,concrete/concrete216.jpg,2
249,2023-12-18 14:13:58.751836,concrete/concrete217.jpg,2
250,2023-12-18 14:13:58.754750,concrete/concrete218.jpg,2
251,2023-12-18 14:13:58.757571,concrete/concrete220.jpg,2
252,2023-12-18 14:13:58.759929,concrete/concrete223.jpg,2
253,2023-12-18 14:13:58.762329,concrete/concrete225.jpg,2
254,2023-12-18 14:13:58.764433,concrete/concrete226.jpg,2
255,2023-12-18 14:13:58.766684,concrete/concrete229.jpg,2
256,2023-12-18 14:13:58.769113,concrete/concrete23.jpg,2
257,2023-12-18 14:13:58.771534,concrete/concrete232.jpg,2
258,2023-12-18 14:13:58.773973,concrete/concrete235.jpg,2
259,2023-12-18 14:13:58.776375,concrete/concrete236.jpg,2
260,2023-12-18 14:13:58.778769,concrete/concrete239.jpg,2
261,2023-12-18 14:13:58.781077,concrete/concrete242.jpg,2
262,2023-12-18 14:13:58.783474,concrete/concrete243.jpg,2
263,2023-12-18 14:13:58.788751,concrete/concrete245.jpg,2
264,2023-12-18 14:13:58.794398,concrete/concrete247.jpg,2
265,2023-12-18 14:13:58.798134,concrete/concrete248.jpg,2
266,2023-12-18 14:13:58.802461,concrete/concrete249.jpg,2
267,2023-12-18 14:13:58.806829,concrete/concrete254.jpg,2
268,2023-12-18 14:13:58.810746,concrete/concrete255.jpg,2
269,2023-12-18 14:13:58.815093,concrete/concrete257.jpg,2
270,2023-12-18 14:13:58.821795,concrete/concrete259.jpg,2
271,2023-12-18 14:13:58.825224,concrete/concrete26.jpg,2
272,2023-12-18 14:13:58.828290,concrete/concrete261.jpg,2
273,2023-12-18 14:13:58.831302,concrete/concrete263.jpg,2
274,2023-12-18 14:13:58.835631,concrete/concrete266.jpg,2
275,2023-12-18 14:13:58.841071,concrete/concrete267.jpg,2
276,2023-12-18 14:13:58.845304,concrete/concrete27.jpg,2
277,2023-12-18 14:13:58.848840,concrete/concrete270.jpg,2
278,2023-12-18 14:13:58.855869,concrete/concrete271.jpg,2
279,2023-12-18 14:13:58.859566,concrete/concrete277.jpg,2
280,2023-12-18 14:13:58.862999,concrete/concrete28.jpg,2
281,2023-12-18 14:13:58.866296,concrete/concrete280.jpg,2
282,2023-12-18 14:13:58.869749,concrete/concrete282.jpg,2
283,2023-12-18 14:13:58.873293,concrete/concrete283.jpg,2
284,2023-12-18 14:13:58.876958,concrete/concrete284.jpg,2
285,2023-12-18 14:13:58.880585,concrete/concrete286.jpg,2
286,2023-12-18 14:13:58.884179,concrete/concrete288.jpg,2
287,2023-12-18 14:13:58.887945,concrete/concrete289.jpg,2
288,2023-12-18 14:13:58.891239,concrete/concrete29.jpg,2
289,2023-12-18 14:13:58.894149,concrete/concrete290.jpg,2
290,2023-12-18 14:13:58.897200,concrete/concrete291.jpg,2
291,2023-12-18 14:13:58.900194,concrete/concrete296.jpg,2
292,2023-12-18 14:13:58.902512,concrete/concrete297.jpg,2
293,2023-12-18 14:13:58.904444,concrete/concrete298.jpg,2
294,2023-12-18 14:13:58.906352,concrete/concrete30.jpg,2
295,2023-12-18 14:13:58.908165,concrete/concrete300.jpg,2
296,2023-12-18 14:13:58.909987,concrete/concrete301.jpg,2
297,2023-12-18 14:13:58.911858,concrete/concrete304.jpg,2
298,2023-12-18 14:13:58.914239,concrete/concrete307.jpg,2
299,2023-12-18 14:13:58.916427,concrete/concrete308.jpg,2
300,2023-12-18 14:13:58.918500,concrete/concrete309.jpg,2
301,2023-12-18 14:13:58.920650,concrete/concrete312.jpg,2
302,2023-12-18 14:13:58.922690,concrete/concrete314.jpg,2
303,2023-12-18 14:13:58.924672,concrete/concrete318.jpg,2
304,2023-12-18 14:13:58.926671,concrete/concrete319.jpg,2
305,2023-12-18 14:13:58.928739,concrete/concrete321.jpg,2
306,2023-12-18 14:13:58.930919,concrete/concrete323.jpg,2
307,2023-12-18 14:13:58.933283,concrete/concrete326.jpg,2
308,2023-12-18 14:13:58.935734,concrete/concrete329.jpg,2
309,2023-12-18 14:13:58.938297,concrete/concrete33.jpg,2
310,2023-12-18 14:13:58.940802,concrete/concrete332.jpg,2
311,2023-12-18 14:13:58.943862,concrete/concrete334.jpg,2
312,2023-12-18 14:13:58.946861,concrete/concrete335.jpg,2
313,2023-12-18 14:13:58.949738,concrete/concrete338.jpg,2
314,2023-12-18 14:13:58.952597,concrete/concrete34.jpg,2
315,2023-12-18 14:13:58.955330,concrete/concrete340.jpg,2
316,2023-12-18 14:13:58.958655,concrete/concrete342.jpg,2
317,2023-12-18 14:13:58.962457,concrete/concrete343.jpg,2
318,2023-12-18 14:13:58.965642,concrete/concrete345.jpg,2
319,2023-12-18 14:13:58.969519,concrete/concrete347.jpg,2
320,2023-12-18 14:13:58.972787,concrete/concrete348.jpg,2
321,2023-12-18 14:13:58.976035,concrete/concrete349.jpg,2
322,2023-12-18 14:13:58.979319,concrete/concrete350.jpg,2
323,2023-12-18 14:13:58.982370,concrete/concrete351.jpg,2
324,2023-12-18 14:13:58.985449,concrete/concrete352.jpg,2
325,2023-12-18 14:13:58.988726,concrete/concrete353.jpg,2
326,2023-12-18 14:13:58.992377,concrete/concrete354.jpg,2
327,2023-12-18 14:13:58.996131,concrete/concrete355.jpg,2
328,2023-12-18 14:13:59.000305,concrete/concrete357.jpg,2
329,2023-12-18 14:13:59.005025,concrete/concrete358.jpg,2
330,2023-12-18 14:13:59.011295,concrete/concrete361.jpg,2
331,2023-12-18 14:13:59.014277,concrete/concrete362.jpg,2
332,2023-12-18 14:13:59.017311,concrete/concrete368.jpg,2
333,2023-12-18 14:13:59.023687,concrete/concrete369.jpg,2
334,2023-12-18 14:13:59.028440,concrete/concrete371.jpg,2
335,2023-12-18 14:13:59.032368,concrete/concrete378.jpg,2
336,2023-12-18 14:13:59.037635,concrete/concrete381.jpg,2
337,2023-12-18 14:13:59.041183,concrete/concrete387.jpg,2
338,2023-12-18 14:13:59.044125,concrete/concrete388.jpg,2
339,2023-12-18 14:13:59.046965,concrete/concrete389.jpg,2
340,2023-12-18 14:13:59.049344,concrete/concrete390.jpg,2
341,2023-12-18 14:13:59.051870,concrete/concrete391.jpg,2
342,2023-12-18 14:13:59.054276,concrete/concrete397.jpg,2
343,2023-12-18 14:13:59.056787,concrete/concrete398.jpg,2
344,2023-12-18 14:13:59.059181,concrete/concrete4.jpg,2
345,2023-12-18 14:13:59.061877,concrete/concrete402.jpg,2
346,2023-12-18 14:13:59.064446,concrete/concrete405.jpg,2
347,2023-12-18 14:13:59.067258,concrete/concrete406.jpg,2
348,2023-12-18 14:13:59.072174,concrete/concrete407.jpg,2
349,2023-12-18 14:13:59.074896,concrete/concrete409.jpg,2
350,2023-12-18 14:13:59.076894,concrete/concrete41.jpg,2
351,2023-12-18 14:13:59.079120,concrete/concrete410.jpg,2
352,2023-12-18 14:13:59.081067,concrete/concrete412.jpg,2
353,2023-12-18 14:13:59.083067,concrete/concrete415.jpg,2
354,2023-12-18 14:13:59.085257,concrete/concrete417.jpg,2
355,2023-12-18 14:13:59.087266,concrete/concrete419.jpg,2
356,2023-12-18 14:13:59.089171,concrete/concrete42.jpg,2
357,2023-12-18 14:13:59.091037,concrete/concrete426.jpg,2
358,2023-12-18 14:13:59.092957,concrete/concrete429.jpg,2
359,2023-12-18 14:13:59.098089,concrete/concrete43.jpg,2
360,2023-12-18 14:13:59.100092,concrete/concrete431.jpg,2
361,2023-12-18 14:13:59.102229,concrete/concrete432.jpg,2
362,2023-12-18 14:13:59.104231,concrete/concrete433.jpg,2
363,2023-12-18 14:13:59.106159,concrete/concrete435.jpg,2
364,2023-12-18 14:13:59.108020,concrete/concrete437.jpg,2
365,2023-12-18 14:13:59.109860,concrete/concrete438.jpg,2
366,2023-12-18 14:13:59.111827,concrete/concrete439.jpg,2
367,2023-12-18 14:13:59.113625,concrete/concrete44.jpg,2
368,2023-12-18 14:13:59.115528,concrete/concrete440.jpg,2
369,2023-12-18 14:13:59.117706,concrete/concrete441.jpg,2
370,2023-12-18 14:13:59.119976,concrete/concrete442.jpg,2
371,2023-12-18 14:13:59.121845,concrete/concrete443.jpg,2
372,2023-12-18 14:13:59.123698,concrete/concrete444.jpg,2
373,2023-12-18 14:13:59.125502,concrete/concrete447.jpg,2
374,2023-12-18 14:13:59.127398,concrete/concrete450.jpg,2
375,2023-12-18 14:13:59.129217,concrete/concrete452.jpg,2
376,2023-12-18 14:13:59.131119,concrete/concrete453.jpg,2
377,2023-12-18 14:13:59.134712,concrete/concrete454.jpg,2
378,2023-12-18 14:13:59.137112,concrete/concrete455.jpg,2
379,2023-12-18 14:13:59.139200,concrete/concrete456.jpg,2
380,2023-12-18 14:13:59.141123,concrete/concrete457.jpg,2
381,2023-12-18 14:13:59.143071,concrete/concrete459.jpg,2
382,2023-12-18 14:13:59.148321,concrete/concrete46.jpg,2
383,2023-12-18 14:13:59.155553,concrete/concrete460.jpg,2
384,2023-12-18 14:13:59.158666,concrete/concrete466.jpg,2
385,2023-12-18 14:13:59.161672,concrete/concrete47.jpg,2
386,2023-12-18 14:13:59.164694,concrete/concrete470.jpg,2
387,2023-12-18 14:13:59.167549,concrete/concrete471.jpg,2
388,2023-12-18 14:13:59.170281,concrete/concrete474.jpg,2
389,2023-12-18 14:13:59.172989,concrete/concrete476.jpg,2
390,2023-12-18 14:13:59.175192,concrete/concrete477.jpg,2
391,2023-12-18 14:13:59.177395,concrete/concrete478.jpg,2
392,2023-12-18 14:13:59.179821,concrete/concrete48.jpg,2
393,2023-12-18 14:13:59.182180,concrete/concrete480.jpg,2
394,2023-12-18 14:13:59.184616,concrete/concrete482.jpg,2
395,2023-12-18 14:13:59.186919,concrete/concrete485.jpg,2
396,2023-12-18 14:13:59.189113,concrete/concrete486.jpg,2
397,2023-12-18 14:13:59.191526,concrete/concrete489.jpg,2
398,2023-12-18 14:13:59.193965,concrete/concrete49.jpg,2
399,2023-12-18 14:13:59.196241,concrete/concrete490.jpg,2
400,2023-12-18 14:13:59.198318,concrete/concrete493.jpg,2
401,2023-12-18 14:13:59.200353,concrete/concrete494.jpg,2
402,2023-12-18 14:13:59.202566,concrete/concrete495.jpg,2
403,2023-12-18 14:13:59.205260,concrete/concrete496.jpg,2
404,2023-12-18 14:13:59.207895,concrete/concrete497.jpg,2
405,2023-12-18 14:13:59.213726,concrete/concrete498.jpg,2
406,2023-12-18 14:13:59.216752,concrete/concrete499.jpg,2
407,2023-12-18 14:13:59.219222,concrete/concrete5.jpg,2
408,2023-12-18 14:13:59.221669,concrete/concrete50.jpg,2
409,2023-12-18 14:13:59.224167,concrete/concrete501.jpg,2
410,2023-12-18 14:13:59.226624,concrete/concrete502.jpg,2
411,2023-12-18 14:13:59.228936,concrete/concrete503.jpg,2
412,2023-12-18 14:13:59.231472,concrete/concrete504.jpg,2
413,2023-12-18 14:13:59.234462,concrete/concrete505.jpg,2
414,2023-12-18 14:13:59.236905,concrete/concrete507.jpg,2
415,2023-12-18 14:13:59.239922,concrete/concrete514.jpg,2
416,2023-12-18 14:13:59.242262,concrete/concrete517.jpg,2
417,2023-12-18 14:13:59.244416,concrete/concrete519.jpg,2
418,2023-12-18 14:13:59.246534,concrete/concrete52.jpg,2
419,2023-12-18 14:13:59.248444,concrete/concrete520.jpg,2
420,2023-12-18 14:13:59.250245,concrete/concrete521.jpg,2
421,2023-12-18 14:13:59.252233,concrete/concrete523.jpg,2
422,2023-12-18 14:13:59.254092,concrete/concrete528.jpg,2
423,2023-12-18 14:13:59.255924,concrete/concrete530.jpg,2
424,2023-12-18 14:13:59.257883,concrete/concrete531.jpg,2
425,2023-12-18 14:13:59.260068,concrete/concrete532.jpg,2
426,2023-12-18 14:13:59.265206,concrete/concrete534.jpg,2
427,2023-12-18 14:13:59.270709,concrete/concrete536.jpg,2
428,2023-12-18 14:13:59.273167,concrete/concrete538.jpg,2
429,2023-12-18 14:13:59.275675,concrete/concrete539.jpg,2
430,2023-12-18 14:13:59.277989,concrete/concrete540.jpg,2
431,2023-12-18 14:13:59.280133,concrete/concrete542.jpg,2
432,2023-12-18 14:13:59.282373,concrete/concrete543.jpg,2
433,2023-12-18 14:13:59.284569,concrete/concrete547.jpg,2
434,2023-12-18 14:13:59.286485,concrete/concrete548.jpg,2
435,2023-12-18 14:13:59.288347,concrete/concrete549.jpg,2
436,2023-12-18 14:13:59.290641,concrete/concrete551.jpg,2
437,2023-12-18 14:13:59.292495,concrete/concrete553.jpg,2
438,2023-12-18 14:13:59.294363,concrete/concrete557.jpg,2
439,2023-12-18 14:13:59.296299,concrete/concrete558.jpg,2
440,2023-12-18 14:13:59.298181,concrete/concrete559.jpg,2
441,2023-12-18 14:13:59.300094,concrete/concrete560.jpg,2
442,2023-12-18 14:13:59.301929,concrete/concrete561.jpg,2
443,2023-12-18 14:13:59.303866,concrete/concrete562.jpg,2
444,2023-12-18 14:13:59.305898,concrete/concrete564.jpg,2
445,2023-12-18 14:13:59.307736,concrete/concrete566.jpg,2
446,2023-12-18 14:13:59.309584,concrete/concrete568.jpg,2
447,2023-12-18 14:13:59.311565,concrete/concrete570.jpg,2
448,2023-12-18 14:13:59.313479,concrete/concrete572.jpg,2
449,2023-12-18 14:13:59.315285,concrete/concrete576.jpg,2
450,2023-12-18 14:13:59.317202,concrete/concrete579.jpg,2
451,2023-12-18 14:13:59.319083,concrete/concrete58.jpg,2
452,2023-12-18 14:13:59.320977,concrete/concrete581.jpg,2
453,2023-12-18 14:13:59.322916,concrete/concrete584.jpg,2
454,2023-12-18 14:13:59.324780,concrete/concrete585.jpg,2
455,2023-12-18 14:13:59.326699,concrete/concrete586.jpg,2
456,2023-12-18 14:13:59.328567,concrete/concrete587.jpg,2
457,2023-12-18 14:13:59.330414,concrete/concrete588.jpg,2
458,2023-12-18 14:13:59.332201,concrete/concrete59.jpg,2
459,2023-12-18 14:13:59.334042,concrete/concrete590.jpg,2
460,2023-12-18 14:13:59.336087,concrete/concrete591.jpg,2
461,2023-12-18 14:13:59.337951,concrete/concrete596.jpg,2
462,2023-12-18 14:13:59.339928,concrete/concrete597.jpg,2
463,2023-12-18 14:13:59.342070,concrete/concrete60.jpg,2
464,2023-12-18 14:13:59.344048,concrete/concrete601.jpg,2
465,2023-12-18 14:13:59.345931,concrete/concrete603.jpg,2
466,2023-12-18 14:13:59.347813,concrete/concrete604.jpg,2
467,2023-12-18 14:13:59.349659,concrete/concrete605.jpg,2
468,2023-12-18 14:13:59.352534,concrete/concrete606.jpg,2
469,2023-12-18 14:13:59.356933,concrete/concrete607.jpg,2
470,2023-12-18 14:13:59.359544,concrete/concrete610.jpg,2
471,2023-12-18 14:13:59.361473,concrete/concrete611.jpg,2
472,2023-12-18 14:13:59.363266,concrete/concrete614.jpg,2
473,2023-12-18 14:13:59.365182,concrete/concrete616.jpg,2
474,2023-12-18 14:13:59.368149,concrete/concrete617.jpg,2
475,2023-12-18 14:13:59.372751,concrete/concrete619.jpg,2
476,2023-12-18 14:13:59.375196,concrete/concrete62.jpg,2
477,2023-12-18 14:13:59.377572,concrete/concrete620.jpg,2
478,2023-12-18 14:13:59.379829,concrete/concrete623.jpg,2
479,2023-12-18 14:13:59.382186,concrete/concrete624.jpg,2
480,2023-12-18 14:13:59.384561,concrete/concrete625.jpg,2
481,2023-12-18 14:13:59.386956,concrete/concrete627.jpg,2
482,2023-12-18 14:13:59.389247,concrete/concrete628.jpg,2
483,2023-12-18 14:13:59.391605,concrete/concrete629.jpg,2
484,2023-12-18 14:13:59.393951,concrete/concrete63.jpg,2
485,2023-12-18 14:13:59.396300,concrete/concrete630.jpg,2
486,2023-12-18 14:13:59.398998,concrete/concrete631.jpg,2
487,2023-12-18 14:13:59.401359,concrete/concrete632.jpg,2
488,2023-12-18 14:13:59.403740,concrete/concrete633.jpg,2
489,2023-12-18 14:13:59.406088,concrete/concrete634.jpg,2
490,2023-12-18 14:13:59.408416,concrete/concrete635.jpg,2
491,2023-12-18 14:13:59.410835,concrete/concrete637.jpg,2
492,2023-12-18 14:13:59.413333,concrete/concrete639.jpg,2
493,2023-12-18 14:13:59.415871,concrete/concrete644.jpg,2
494,2023-12-18 14:13:59.418195,concrete/concrete645.jpg,2
495,2023-12-18 14:13:59.420526,concrete/concrete648.jpg,2
496,2023-12-18 14:13:59.423013,concrete/concrete65.jpg,2
497,2023-12-18 14:13:59.425350,concrete/concrete651.jpg,2
498,2023-12-18 14:13:59.427841,concrete/concrete652.jpg,2
499,2023-12-18 14:13:59.430211,concrete/concrete653.jpg,2
500,2023-12-18 14:13:59.432644,concrete/concrete654.jpg,2
501,2023-12-18 14:13:59.435027,concrete/concrete657.jpg,2
502,2023-12-18 14:13:59.437030,concrete/concrete658.jpg,2
503,2023-12-18 14:13:59.438926,concrete/concrete659.jpg,2
504,2023-12-18 14:13:59.440805,concrete/concrete66.jpg,2
505,2023-12-18 14:13:59.442714,concrete/concrete660.jpg,2
506,2023-12-18 14:13:59.444608,concrete/concrete663.jpg,2
507,2023-12-18 14:13:59.446598,concrete/concrete667.jpg,2
508,2023-12-18 14:13:59.448473,concrete/concrete669.jpg,2
509,2023-12-18 14:13:59.450260,concrete/concrete67.jpg,2
510,2023-12-18 14:13:59.452093,concrete/concrete670.jpg,2
511,2023-12-18 14:13:59.453933,concrete/concrete672.jpg,2
512,2023-12-18 14:13:59.455702,concrete/concrete674.jpg,2
513,2023-12-18 14:13:59.457500,concrete/concrete677.jpg,2
514,2023-12-18 14:13:59.459313,concrete/concrete678.jpg,2
515,2023-12-18 14:13:59.461215,concrete/concrete679.jpg,2
516,2023-12-18 14:13:59.463075,concrete/concrete681.jpg,2
517,2023-12-18 14:13:59.464901,concrete/concrete682.jpg,2
518,2023-12-18 14:13:59.466750,concrete/concrete684.jpg,2
519,2023-12-18 14:13:59.468671,concrete/concrete686.jpg,2
520,2023-12-18 14:13:59.470541,concrete/concrete694.jpg,2
521,2023-12-18 14:13:59.472493,concrete/concrete695.jpg,2
522,2023-12-18 14:13:59.474423,concrete/concrete696.jpg,2
523,2023-12-18 14:13:59.476844,concrete/concrete699.jpg,2
524,2023-12-18 14:13:59.479607,concrete/concrete70.jpg,2
525,2023-12-18 14:13:59.482489,concrete/concrete700.jpg,2
526,2023-12-18 14:13:59.485392,concrete/concrete701.jpg,2
527,2023-12-18 14:13:59.487677,concrete/concrete707.jpg,2
528,2023-12-18 14:13:59.489581,concrete/concrete708.jpg,2
529,2023-12-18 14:13:59.491705,concrete/concrete709.jpg,2
530,2023-12-18 14:13:59.495058,concrete/concrete710.jpg,2
531,2023-12-18 14:13:59.499755,concrete/concrete711.jpg,2
532,2023-12-18 14:13:59.502109,concrete/concrete712.jpg,2
533,2023-12-18 14:13:59.504179,concrete/concrete714.jpg,2
534,2023-12-18 14:13:59.506255,concrete/concrete719.jpg,2
535,2023-12-18 14:13:59.508534,concrete/concrete720.jpg,2
536,2023-12-18 14:13:59.510568,concrete/concrete722.jpg,2
537,2023-12-18 14:13:59.512820,concrete/concrete723.jpg,2
538,2023-12-18 14:13:59.514930,concrete/concrete724.jpg,2
539,2023-12-18 14:13:59.517396,concrete/concrete725.jpg,2
540,2023-12-18 14:13:59.519718,concrete/concrete726.jpg,2
541,2023-12-18 14:13:59.522072,concrete/concrete73.jpg,2
542,2023-12-18 14:13:59.524497,concrete/concrete730.jpg,2
543,2023-12-18 14:13:59.526857,concrete/concrete731.jpg,2
544,2023-12-18 14:13:59.529153,concrete/concrete733.jpg,2
545,2023-12-18 14:13:59.531481,concrete/concrete734.jpg,2
546,2023-12-18 14:13:59.534027,concrete/concrete735.jpg,2
547,2023-12-18 14:13:59.536716,concrete/concrete74.jpg,2
548,2023-12-18 14:13:59.539444,concrete/concrete741.jpg,2
549,2023-12-18 14:13:59.541981,concrete/concrete744.jpg,2
550,2023-12-18 14:13:59.544450,concrete/concrete746.jpg,2
551,2023-12-18 14:13:59.546575,concrete/concrete748.jpg,2
552,2023-12-18 14:13:59.548648,concrete/concrete749.jpg,2
553,2023-12-18 14:13:59.550914,concrete/concrete75.jpg,2
554,2023-12-18 14:13:59.553284,concrete/concrete751.jpg,2
555,2023-12-18 14:13:59.555848,concrete/concrete753.jpg,2
556,2023-12-18 14:13:59.558068,concrete/concrete755.jpg,2
557,2023-12-18 14:13:59.560353,concrete/concrete76.jpg,2
558,2023-12-18 14:13:59.562515,concrete/concrete77.jpg,2
559,2023-12-18 14:13:59.564926,concrete/concrete79.jpg,2
560,2023-12-18 14:13:59.567030,concrete/concrete8.jpg,2
561,2023-12-18 14:13:59.569506,concrete/concrete81.jpg,2
562,2023-12-18 14:13:59.571754,concrete/concrete84.jpg,2
563,2023-12-18 14:13:59.574466,concrete/concrete85.jpg,2
564,2023-12-18 14:13:59.576644,concrete/concrete92.jpg,2
565,2023-12-18 14:13:59.578890,concrete/concrete96.jpg,2
566,2023-12-18 14:13:59.581031,concrete/concrete99.jpg,2
567,2023-12-18 14:13:59.583072,ground/ground_0.jpg,3
568,2023-12-18 14:13:59.585382,ground/ground_101.jpg,3
569,2023-12-18 14:13:59.587506,ground/ground_102.jpg,3
570,2023-12-18 14:13:59.589603,ground/ground_105.jpg,3
571,2023-12-18 14:13:59.591646,ground/ground_106.jpg,3
572,2023-12-18 14:13:59.593678,ground/ground_108.jpg,3
573,2023-12-18 14:13:59.595744,ground/ground_109.jpg,3
574,2023-12-18 14:13:59.597744,ground/ground_11.jpg,3
575,2023-12-18 14:13:59.600085,ground/ground_110.jpg,3
576,2023-12-18 14:13:59.602616,ground/ground_113.jpg,3
577,2023-12-18 14:13:59.604781,ground/ground_114.jpg,3
578,2023-12-18 14:13:59.607074,ground/ground_116.jpg,3
579,2023-12-18 14:13:59.609311,ground/ground_117.jpg,3
580,2023-12-18 14:13:59.611994,ground/ground_118.jpg,3
581,2023-12-18 14:13:59.614202,ground/ground_120.jpg,3
582,2023-12-18 14:13:59.616089,ground/ground_122.jpg,3
583,2023-12-18 14:13:59.618436,ground/ground_126.jpg,3
584,2023-12-18 14:13:59.621080,ground/ground_128.jpg,3
585,2023-12-18 14:13:59.623657,ground/ground_130.jpg,3
586,2023-12-18 14:13:59.626126,ground/ground_131.jpg,3
587,2023-12-18 14:13:59.628596,ground/ground_133.jpg,3
588,2023-12-18 14:13:59.631018,ground/ground_134.jpg,3
589,2023-12-18 14:13:59.634036,ground/ground_135.jpg,3
590,2023-12-18 14:13:59.638252,ground/ground_137.jpg,3
591,2023-12-18 14:13:59.641069,ground/ground_138.jpg,3
592,2023-12-18 14:13:59.643556,ground/ground_14.jpg,3
593,2023-12-18 14:13:59.645809,ground/ground_140.jpg,3
594,2023-12-18 14:13:59.648850,ground/ground_142.jpg,3
595,2023-12-18 14:13:59.652819,ground/ground_143.jpg,3
596,2023-12-18 14:13:59.656934,ground/ground_144.jpg,3
597,2023-12-18 14:13:59.660473,ground/ground_145.jpg,3
598,2023-12-18 14:13:59.663970,ground/ground_146.jpg,3
599,2023-12-18 14:13:59.667657,ground/ground_150.jpg,3
600,2023-12-18 14:13:59.670119,ground/ground_151.jpg,3
601,2023-12-18 14:13:59.672456,ground/ground_153.jpg,3
602,2023-12-18 14:13:59.674754,ground/ground_154.jpg,3
603,2023-12-18 14:13:59.676870,ground/ground_156.jpg,3
604,2023-12-18 14:13:59.678770,ground/ground_157.jpg,3
605,2023-12-18 14:13:59.680566,ground/ground_159.jpg,3
606,2023-12-18 14:13:59.682471,ground/ground_160.jpg,3
607,2023-12-18 14:13:59.684459,ground/ground_161.jpg,3
608,2023-12-18 14:13:59.686349,ground/ground_163.jpg,3
609,2023-12-18 14:13:59.688194,ground/ground_164.jpg,3
610,2023-12-18 14:13:59.690111,ground/ground_169.jpg,3
611,2023-12-18 14:13:59.691961,ground/ground_173.jpg,3
612,2023-12-18 14:13:59.693991,ground/ground_175.jpg,3
613,2023-12-18 14:13:59.695928,ground/ground_176.jpg,3
614,2023-12-18 14:13:59.697804,ground/ground_177.jpg,3
615,2023-12-18 14:13:59.699623,ground/ground_179.jpg,3
616,2023-12-18 14:13:59.701504,ground/ground_18.jpg,3
617,2023-12-18 14:13:59.703322,ground/ground_181.jpg,3
618,2023-12-18 14:13:59.705146,ground/ground_182.jpg,3
619,2023-12-18 14:13:59.706995,ground/ground_183.jpg,3
620,2023-12-18 14:13:59.709231,ground/ground_184.jpg,3
621,2023-12-18 14:13:59.711727,ground/ground_188.jpg,3
622,2023-12-18 14:13:59.714216,ground/ground_19.jpg,3
623,2023-12-18 14:13:59.716724,ground/ground_194.jpg,3
624,2023-12-18 14:13:59.719296,ground/ground_196.jpg,3
625,2023-12-18 14:13:59.721599,ground/ground_198.jpg,3
626,2023-12-18 14:13:59.723894,ground/ground_2.jpg,3
627,2023-12-18 14:13:59.726218,ground/ground_20.jpg,3
628,2023-12-18 14:13:59.728527,ground/ground_204.jpg,3
629,2023-12-18 14:13:59.730978,ground/ground_205.jpg,3
630,2023-12-18 14:13:59.733282,ground/ground_206.jpg,3
631,2023-12-18 14:13:59.735637,ground/ground_208.jpg,3
632,2023-12-18 14:13:59.737984,ground/ground_213.jpg,3
633,2023-12-18 14:13:59.740611,ground/ground_214.jpg,3
634,2023-12-18 14:13:59.742985,ground/ground_22.jpg,3
635,2023-12-18 14:13:59.744849,ground/ground_221.jpg,3
636,2023-12-18 14:13:59.746688,ground/ground_224.jpg,3
637,2023-12-18 14:13:59.748491,ground/ground_225.jpg,3
638,2023-12-18 14:13:59.750390,ground/ground_226.jpg,3
639,2023-12-18 14:13:59.752232,ground/ground_228.jpg,3
640,2023-12-18 14:13:59.754027,ground/ground_23.jpg,3
641,2023-12-18 14:13:59.756145,ground/ground_231.jpg,3
642,2023-12-18 14:13:59.758035,ground/ground_234.jpg,3
643,2023-12-18 14:13:59.759875,ground/ground_235.jpg,3
644,2023-12-18 14:13:59.761673,ground/ground_236.jpg,3
645,2023-12-18 14:13:59.763544,ground/ground_237.jpg,3
646,2023-12-18 14:13:59.765443,ground/ground_24.jpg,3
647,2023-12-18 14:13:59.767400,ground/ground_240.jpg,3
648,2023-12-18 14:13:59.769296,ground/ground_241.jpg,3
649,2023-12-18 14:13:59.771277,ground/ground_243.jpg,3
650,2023-12-18 14:13:59.773363,ground/ground_246.jpg,3
651,2023-12-18 14:13:59.775385,ground/ground_248.jpg,3
652,2023-12-18 14:13:59.777433,ground/ground_249.jpg,3
653,2023-12-18 14:13:59.779552,ground/ground_25.jpg,3
654,2023-12-18 14:13:59.781598,ground/ground_251.jpg,3
655,2023-12-18 14:13:59.783752,ground/ground_253.jpg,3
656,2023-12-18 14:13:59.785871,ground/ground_255.jpg,3
657,2023-12-18 14:13:59.788282,ground/ground_258.jpg,3
658,2023-12-18 14:13:59.790642,ground/ground_259.jpg,3
659,2023-12-18 14:13:59.792723,ground/ground_260.jpg,3
660,2023-12-18 14:13:59.794843,ground/ground_263.jpg,3
661,2023-12-18 14:13:59.796904,ground/ground_264.jpg,3
662,2023-12-18 14:13:59.798980,ground/ground_265.jpg,3
663,2023-12-18 14:13:59.801254,ground/ground_266.jpg,3
664,2023-12-18 14:13:59.804028,ground/ground_267.jpg,3
665,2023-12-18 14:13:59.807049,ground/ground_268.jpg,3
666,2023-12-18 14:13:59.809432,ground/ground_271.jpg,3
667,2023-12-18 14:13:59.811872,ground/ground_273.jpg,3
668,2023-12-18 14:13:59.813827,ground/ground_274.jpg,3
669,2023-12-18 14:13:59.815916,ground/ground_275.jpg,3
670,2023-12-18 14:13:59.818127,ground/ground_277.jpg,3
671,2023-12-18 14:13:59.820258,ground/ground_280.jpg,3
672,2023-12-18 14:13:59.822346,ground/ground_281.jpg,3
673,2023-12-18 14:13:59.824404,ground/ground_287.jpg,3
674,2023-12-18 14:13:59.826569,ground/ground_291.jpg,3
675,2023-12-18 14:13:59.828553,ground/ground_292.jpg,3
676,2023-12-18 14:13:59.830864,ground/ground_294.jpg,3
677,2023-12-18 14:13:59.833331,ground/ground_296.jpg,3
678,2023-12-18 14:13:59.836049,ground/ground_297.jpg,3
679,2023-12-18 14:13:59.838164,ground/ground_298.jpg,3
680,2023-12-18 14:13:59.840340,ground/ground_299.jpg,3
681,2023-12-18 14:13:59.842326,ground/ground_302.jpg,3
682,2023-12-18 14:13:59.844635,ground/ground_304.jpg,3
683,2023-12-18 14:13:59.846827,ground/ground_305.jpg,3
684,2023-12-18 14:13:59.849189,ground/ground_308.jpg,3
685,2023-12-18 14:13:59.851711,ground/ground_31.jpg,3
686,2023-12-18 14:13:59.853835,ground/ground_310.jpg,3
687,2023-12-18 14:13:59.856131,ground/ground_311.jpg,3
688,2023-12-18 14:13:59.858233,ground/ground_312.jpg,3
689,2023-12-18 14:13:59.860408,ground/ground_315.jpg,3
690,2023-12-18 14:13:59.862382,ground/ground_316.jpg,3
691,2023-12-18 14:13:59.864683,ground/ground_317.jpg,3
692,2023-12-18 14:13:59.868637,ground/ground_32.jpg,3
693,2023-12-18 14:13:59.873012,ground/ground_320.jpg,3
694,2023-12-18 14:13:59.875509,ground/ground_321.jpg,3
695,2023-12-18 14:13:59.877674,ground/ground_323.jpg,3
696,2023-12-18 14:13:59.879907,ground/ground_324.jpg,3
697,2023-12-18 14:13:59.882175,ground/ground_325.jpg,3
698,2023-12-18 14:13:59.884538,ground/ground_326.jpg,3
699,2023-12-18 14:13:59.886623,ground/ground_327.jpg,3
700,2023-12-18 14:13:59.888858,ground/ground_328.jpg,3
701,2023-12-18 14:13:59.891027,ground/ground_329.jpg,3
702,2023-12-18 14:13:59.893212,ground/ground_330.jpg,3
703,2023-12-18 14:13:59.895239,ground/ground_332.jpg,3
704,2023-12-18 14:13:59.897733,ground/ground_334.jpg,3
705,2023-12-18 14:13:59.900076,ground/ground_34.jpg,3
706,2023-12-18 14:13:59.902380,ground/ground_346.jpg,3
707,2023-12-18 14:13:59.904529,ground/ground_347.jpg,3
708,2023-12-18 14:13:59.906623,ground/ground_348.jpg,3
709,2023-12-18 14:13:59.908795,ground/ground_349.jpg,3
710,2023-12-18 14:13:59.910840,ground/ground_350.jpg,3
711,2023-12-18 14:13:59.912952,ground/ground_356.jpg,3
712,2023-12-18 14:13:59.915012,ground/ground_360.jpg,3
713,2023-12-18 14:13:59.917078,ground/ground_361.jpg,3
714,2023-12-18 14:13:59.919280,ground/ground_362.jpg,3
715,2023-12-18 14:13:59.921400,ground/ground_363.jpg,3
716,2023-12-18 14:13:59.923502,ground/ground_366.jpg,3
717,2023-12-18 14:13:59.925615,ground/ground_367.jpg,3
718,2023-12-18 14:13:59.927833,ground/ground_368.jpg,3
719,2023-12-18 14:13:59.930024,ground/ground_369.jpg,3
720,2023-12-18 14:13:59.932156,ground/ground_37.jpg,3
721,2023-12-18 14:13:59.934363,ground/ground_370.jpg,3
722,2023-12-18 14:13:59.936540,ground/ground_371.jpg,3
723,2023-12-18 14:13:59.938610,ground/ground_372.jpg,3
724,2023-12-18 14:13:59.940781,ground/ground_374.jpg,3
725,2023-12-18 14:13:59.942996,ground/ground_375.jpg,3
726,2023-12-18 14:13:59.945248,ground/ground_379.jpg,3
727,2023-12-18 14:13:59.947345,ground/ground_381.jpg,3
728,2023-12-18 14:13:59.949555,ground/ground_384.jpg,3
729,2023-12-18 14:13:59.951748,ground/ground_387.jpg,3
730,2023-12-18 14:13:59.954306,ground/ground_39.jpg,3
731,2023-12-18 14:13:59.956428,ground/ground_390.jpg,3
732,2023-12-18 14:13:59.958533,ground/ground_392.jpg,3
733,2023-12-18 14:13:59.960843,ground/ground_394.jpg,3
734,2023-12-18 14:13:59.963268,ground/ground_396.jpg,3
735,2023-12-18 14:13:59.965558,ground/ground_399.jpg,3
736,2023-12-18 14:13:59.967939,ground/ground_4.jpg,3
737,2023-12-18 14:13:59.970070,ground/ground_400.jpg,3
738,2023-12-18 14:13:59.972114,ground/ground_402.jpg,3
739,2023-12-18 14:13:59.974271,ground/ground_404.jpg,3
740,2023-12-18 14:13:59.976997,ground/ground_405.jpg,3
741,2023-12-18 14:13:59.979984,ground/ground_407.jpg,3
742,2023-12-18 14:13:59.982990,ground/ground_408.jpg,3
743,2023-12-18 14:13:59.985755,ground/ground_411.jpg,3
744,2023-12-18 14:13:59.988321,ground/ground_413.jpg,3
745,2023-12-18 14:13:59.990886,ground/ground_414.jpg,3
746,2023-12-18 14:13:59.993545,ground/ground_415.jpg,3
747,2023-12-18 14:13:59.996072,ground/ground_416.jpg,3
748,2023-12-18 14:13:59.998521,ground/ground_417.jpg,3
749,2023-12-18 14:14:00.000611,ground/ground_419.jpg,3
750,2023-12-18 14:14:00.002735,ground/ground_420.jpg,3
751,2023-12-18 14:14:00.005105,ground/ground_421.jpg,3
752,2023-12-18 14:14:00.008630,ground/ground_428.jpg,3
753,2023-12-18 14:14:00.011629,ground/ground_433.jpg,3
754,2023-12-18 14:14:00.015280,ground/ground_435.jpg,3
755,2023-12-18 14:14:00.018589,ground/ground_440.jpg,3
756,2023-12-18 14:14:00.022119,ground/ground_441.jpg,3
757,2023-12-18 14:14:00.026380,ground/ground_442.jpg,3
758,2023-12-18 14:14:00.029661,ground/ground_445.jpg,3
759,2023-12-18 14:14:00.032564,ground/ground_446.jpg,3
760,2023-12-18 14:14:00.035305,ground/ground_5.jpg,3
761,2023-12-18 14:14:00.038799,ground/ground_50.jpg,3
762,2023-12-18 14:14:00.041980,ground/ground_59.jpg,3
763,2023-12-18 14:14:00.044969,ground/ground_60.jpg,3
764,2023-12-18 14:14:00.047410,ground/ground_61.jpg,3
765,2023-12-18 14:14:00.049471,ground/ground_62.jpg,3
766,2023-12-18 14:14:00.051761,ground/ground_63.jpg,3
767,2023-12-18 14:14:00.053768,ground/ground_64.jpg,3
768,2023-12-18 14:14:00.055649,ground/ground_65.jpg,3
769,2023-12-18 14:14:00.057610,ground/ground_66.jpg,3
770,2023-12-18 14:14:00.059389,ground/ground_668.jpg,3
771,2023-12-18 14:14:00.061121,ground/ground_68.jpg,3
772,2023-12-18 14:14:00.062870,ground/ground_69.jpg,3
773,2023-12-18 14:14:00.064739,ground/ground_71.jpg,3
774,2023-12-18 14:14:00.066620,ground/ground_72.jpg,3
775,2023-12-18 14:14:00.069187,ground/ground_74.jpg,3
776,2023-12-18 14:14:00.071944,ground/ground_76.jpg,3
777,2023-12-18 14:14:00.074146,ground/ground_77.jpg,3
778,2023-12-18 14:14:00.076275,ground/ground_79.jpg,3
779,2023-12-18 14:14:00.078383,ground/ground_8.jpg,3
780,2023-12-18 14:14:00.080289,ground/ground_80.jpg,3
781,2023-12-18 14:14:00.082278,ground/ground_82.jpg,3
782,2023-12-18 14:14:00.084447,ground/ground_84.jpg,3
783,2023-12-18 14:14:00.086503,ground/ground_85.jpg,3
784,2023-12-18 14:14:00.088566,ground/ground_86.jpg,3
785,2023-12-18 14:14:00.090463,ground/ground_9.jpg,3
786,2023-12-18 14:14:00.092459,ground/ground_90.jpg,3
787,2023-12-18 14:14:00.094674,ground/ground_91.jpg,3
788,2023-12-18 14:14:00.096666,ground/ground_92.jpg,3
789,2023-12-18 14:14:00.099046,ground/ground_94.jpg,3
790,2023-12-18 14:14:00.101359,ground/ground_95.jpg,3
791,2023-12-18 14:14:00.103523,ground/ground_98.jpg,3
792,2023-12-18 14:14:00.105799,ground/ground_99.jpg,3
793,2023-12-18 14:14:00.107760,wood/tree1.jpg,4
794,2023-12-18 14:14:00.109650,wood/tree101.jpg,4
795,2023-12-18 14:14:00.111595,wood/tree103.jpg,4
796,2023-12-18 14:14:00.113667,wood/tree104.jpg,4
797,2023-12-18 14:14:00.116138,wood/tree107.jpg,4
798,2023-12-18 14:14:00.118537,wood/tree109.jpg,4
799,2023-12-18 14:14:00.120759,wood/tree11.jpg,4
800,2023-12-18 14:14:00.122635,wood/tree112.jpg,4
801,2023-12-18 14:14:00.124540,wood/tree114.jpg,4
802,2023-12-18 14:14:00.129839,wood/tree116.jpg,4
803,2023-12-18 14:14:00.131948,wood/tree117.jpg,4
804,2023-12-18 14:14:00.134088,wood/tree118.jpg,4
805,2023-12-18 14:14:00.136280,wood/tree119.jpg,4
806,2023-12-18 14:14:00.138206,wood/tree12.jpg,4
807,2023-12-18 14:14:00.140200,wood/tree122.jpg,4
808,2023-12-18 14:14:00.142141,wood/tree124.jpg,4
809,2023-12-18 14:14:00.144401,wood/tree125.jpg,4
810,2023-12-18 14:14:00.146959,wood/tree126.jpg,4
811,2023-12-18 14:14:00.149696,wood/tree127.jpg,4
812,2023-12-18 14:14:00.152052,wood/tree132.jpg,4
813,2023-12-18 14:14:00.154303,wood/tree137.jpg,4
814,2023-12-18 14:14:00.156304,wood/tree141.jpg,4
815,2023-12-18 14:14:00.158292,wood/tree142.jpg,4
816,2023-12-18 14:14:00.160472,wood/tree143.jpg,4
817,2023-12-18 14:14:00.162435,wood/tree145.jpg,4
818,2023-12-18 14:14:00.164292,wood/tree146.jpg,4
819,2023-12-18 14:14:00.166348,wood/tree148.jpg,4
820,2023-12-18 14:14:00.168320,wood/tree149.jpg,4
821,2023-12-18 14:14:00.170359,wood/tree15.jpg,4
822,2023-12-18 14:14:00.172347,wood/tree151.jpg,4
823,2023-12-18 14:14:00.174385,wood/tree153.jpg,4
824,2023-12-18 14:14:00.176413,wood/tree156.jpg,4
825,2023-12-18 14:14:00.178408,wood/tree157.jpg,4
826,2023-12-18 14:14:00.180369,wood/tree158.jpg,4
827,2023-12-18 14:14:00.182455,wood/tree162.jpg,4
828,2023-12-18 14:14:00.184427,wood/tree166.jpg,4
829,2023-12-18 14:14:00.186273,wood/tree168.jpg,4
830,2023-12-18 14:14:00.188280,wood/tree169.jpg,4
831,2023-12-18 14:14:00.190373,wood/tree170.jpg,4
832,2023-12-18 14:14:00.192281,wood/tree172.jpg,4
833,2023-12-18 14:14:00.194160,wood/tree174.jpg,4
834,2023-12-18 14:14:00.196066,wood/tree179.jpg,4
835,2023-12-18 14:14:00.198052,wood/tree18.jpg,4
836,2023-12-18 14:14:00.200111,wood/tree181.jpg,4
837,2023-12-18 14:14:00.202091,wood/tree183.jpg,4
838,2023-12-18 14:14:00.204223,wood/tree184.jpg,4
839,2023-12-18 14:14:00.206357,wood/tree186.jpg,4
840,2023-12-18 14:14:00.208531,wood/tree187.jpg,4
841,2023-12-18 14:14:00.210737,wood/tree188.jpg,4
842,2023-12-18 14:14:00.212857,wood/tree189.jpg,4
843,2023-12-18 14:14:00.214943,wood/tree190.jpg,4
844,2023-12-18 14:14:00.216907,wood/tree192.jpg,4
845,2023-12-18 14:14:00.221365,wood/tree193.jpg,4
846,2023-12-18 14:14:00.223632,wood/tree196.jpg,4
847,2023-12-18 14:14:00.225733,wood/tree198.jpg,4
848,2023-12-18 14:14:00.227744,wood/tree200.jpg,4
849,2023-12-18 14:14:00.229867,wood/tree202.jpg,4
850,2023-12-18 14:14:00.231785,wood/tree204.jpg,4
851,2023-12-18 14:14:00.233995,wood/tree206.jpg,4
852,2023-12-18 14:14:00.236254,wood/tree207.jpg,4
853,2023-12-18 14:14:00.238685,wood/tree208.jpg,4
854,2023-12-18 14:14:00.241089,wood/tree212.jpg,4
855,2023-12-18 14:14:00.243320,wood/tree213.jpg,4
856,2023-12-18 14:14:00.245421,wood/tree215.jpg,4
857,2023-12-18 14:14:00.247417,wood/tree216.jpg,4
858,2023-12-18 14:14:00.249672,wood/tree219.jpg,4
859,2023-12-18 14:14:00.252067,wood/tree22.jpg,4
860,2023-12-18 14:14:00.254651,wood/tree220.jpg,4
861,2023-12-18 14:14:00.256814,wood/tree223.jpg,4
862,2023-12-18 14:14:00.258949,wood/tree224.jpg,4
863,2023-12-18 14:14:00.261073,wood/tree225.jpg,4
864,2023-12-18 14:14:00.263351,wood/tree227.jpg,4
865,2023-12-18 14:14:00.265542,wood/tree229.jpg,4
866,2023-12-18 14:14:00.267707,wood/tree23.jpg,4
867,2023-12-18 14:14:00.270684,wood/tree230.jpg,4
868,2023-12-18 14:14:00.275514,wood/tree231.jpg,4
869,2023-12-18 14:14:00.278277,wood/tree232.jpg,4
870,2023-12-18 14:14:00.280612,wood/tree24.jpg,4
871,2023-12-18 14:14:00.283158,wood/tree240.jpg,4
872,2023-12-18 14:14:00.286657,wood/tree242.jpg,4
873,2023-12-18 14:14:00.291447,wood/tree244.jpg,4
874,2023-12-18 14:14:00.294715,wood/tree245.jpg,4
875,2023-12-18 14:14:00.296773,wood/tree246.jpg,4
876,2023-12-18 14:14:00.298841,wood/tree247.jpg,4
877,2023-12-18 14:14:00.301095,wood/tree248.jpg,4
878,2023-12-18 14:14:00.303456,wood/tree249.jpg,4
879,2023-12-18 14:14:00.305491,wood/tree250.jpg,4
880,2023-12-18 14:14:00.307744,wood/tree251.jpg,4
881,2023-12-18 14:14:00.309851,wood/tree254.jpg,4
882,2023-12-18 14:14:00.311740,wood/tree255.jpg,4
883,2023-12-18 14:14:00.313598,wood/tree256.jpg,4
884,2023-12-18 14:14:00.315570,wood/tree257.jpg,4
885,2023-12-18 14:14:00.317704,wood/tree258.jpg,4
886,2023-12-18 14:14:00.319609,wood/tree259.jpg,4
887,2023-12-18 14:14:00.321497,wood/tree26.jpg,4
888,2023-12-18 14:14:00.323380,wood/tree261.jpg,4
889,2023-12-18 14:14:00.325212,wood/tree262.jpg,4
890,2023-12-18 14:14:00.327042,wood/tree268.jpg,4
891,2023-12-18 14:14:00.328852,wood/tree272.jpg,4
892,2023-12-18 14:14:00.331169,wood/tree274.jpg,4
893,2023-12-18 14:14:00.333195,wood/tree275.jpg,4
894,2023-12-18 14:14:00.335080,wood/tree277.jpg,4
895,2023-12-18 14:14:00.336960,wood/tree278.jpg,4
896,2023-12-18 14:14:00.338804,wood/tree28.jpg,4
897,2023-12-18 14:14:00.340684,wood/tree280.jpg,4
898,2023-12-18 14:14:00.342494,wood/tree281.jpg,4
899,2023-12-18 14:14:00.344320,wood/tree282.jpg,4
900,2023-12-18 14:14:00.346234,wood/tree283.jpg,4
901,2023-12-18 14:14:00.348155,wood/tree284.jpg,4
902,2023-12-18 14:14:00.350056,wood/tree285.jpg,4
903,2023-12-18 14:14:00.351997,wood/tree286.jpg,4
904,2023-12-18 14:14:00.353838,wood/tree290.jpg,4
905,2023-12-18 14:14:00.355662,wood/tree294.jpg,4
906,2023-12-18 14:14:00.357410,wood/tree295.jpg,4
907,2023-12-18 14:14:00.359242,wood/tree296.jpg,4
908,2023-12-18 14:14:00.361208,wood/tree298.jpg,4
909,2023-12-18 14:14:00.363343,wood/tree30.jpg,4
910,2023-12-18 14:14:00.365436,wood/tree306.jpg,4
911,2023-12-18 14:14:00.367380,wood/tree307.jpg,4
912,2023-12-18 14:14:00.369279,wood/tree308.jpg,4
913,2023-12-18 14:14:00.371137,wood/tree309.jpg,4
914,2023-12-18 14:14:00.373032,wood/tree311.jpg,4
915,2023-12-18 14:14:00.374942,wood/tree313.jpg,4
916,2023-12-18 14:14:00.376824,wood/tree314.jpg,4
917,2023-12-18 14:14:00.378843,wood/tree315.jpg,4
918,2023-12-18 14:14:00.380666,wood/tree317.jpg,4
919,2023-12-18 14:14:00.382635,wood/tree319.jpg,4
920,2023-12-18 14:14:00.384549,wood/tree32.jpg,4
921,2023-12-18 14:14:00.386372,wood/tree320.jpg,4
922,2023-12-18 14:14:00.388197,wood/tree322.jpg,4
923,2023-12-18 14:14:00.390005,wood/tree325.jpg,4
924,2023-12-18 14:14:00.391793,wood/tree326.jpg,4
925,2023-12-18 14:14:00.393702,wood/tree327.jpg,4
926,2023-12-18 14:14:00.395786,wood/tree328.jpg,4
927,2023-12-18 14:14:00.397908,wood/tree329.jpg,4
928,2023-12-18 14:14:00.400244,wood/tree33.jpg,4
929,2023-12-18 14:14:00.402603,wood/tree330.jpg,4
930,2023-12-18 14:14:00.404936,wood/tree332.jpg,4
931,2023-12-18 14:14:00.407316,wood/tree337.jpg,4
932,2023-12-18 14:14:00.409763,wood/tree339.jpg,4
933,2023-12-18 14:14:00.412176,wood/tree34.jpg,4
934,2023-12-18 14:14:00.414525,wood/tree340.jpg,4
935,2023-12-18 14:14:00.417145,wood/tree343.jpg,4
936,2023-12-18 14:14:00.419935,wood/tree346.jpg,4
937,2023-12-18 14:14:00.422958,wood/tree347.jpg,4
938,2023-12-18 14:14:00.425499,wood/tree349.jpg,4
939,2023-12-18 14:14:00.431412,wood/tree35.jpg,4
940,2023-12-18 14:14:00.434321,wood/tree354.jpg,4
941,2023-12-18 14:14:00.437107,wood/tree356.jpg,4
942,2023-12-18 14:14:00.440265,wood/tree359.jpg,4
943,2023-12-18 14:14:00.445551,wood/tree361.jpg,4
944,2023-12-18 14:14:00.448420,wood/tree363.jpg,4
945,2023-12-18 14:14:00.450911,wood/tree364.jpg,4
946,2023-12-18 14:14:00.453359,wood/tree368.jpg,4
947,2023-12-18 14:14:00.456344,wood/tree37.jpg,4
948,2023-12-18 14:14:00.460542,wood/tree370.jpg,4
949,2023-12-18 14:14:00.463312,wood/tree372.jpg,4
950,2023-12-18 14:14:00.465877,wood/tree375.jpg,4
951,2023-12-18 14:14:00.468307,wood/tree378.jpg,4
952,2023-12-18 14:14:00.472537,wood/tree379.jpg,4
953,2023-12-18 14:14:00.478286,wood/tree380.jpg,4
954,2023-12-18 14:14:00.482315,wood/tree4.jpg,4
955,2023-12-18 14:14:00.486143,wood/tree42.jpg,4
956,2023-12-18 14:14:00.490366,wood/tree44.jpg,4
957,2023-12-18 14:14:00.494533,wood/tree51.jpg,4
958,2023-12-18 14:14:00.498413,wood/tree53.jpg,4
959,2023-12-18 14:14:00.502522,wood/tree54.jpg,4
960,2023-12-18 14:14:00.506113,wood/tree57.jpg,4
961,2023-12-18 14:14:00.509737,wood/tree6.jpg,4
962,2023-12-18 14:14:00.513275,wood/tree60.jpg,4
963,2023-12-18 14:14:00.516654,wood/tree62.jpg,4
964,2023-12-18 14:14:00.520356,wood/tree67.jpg,4
965,2023-12-18 14:14:00.524320,wood/tree69.jpg,4
966,2023-12-18 14:14:00.527425,wood/tree7.jpg,4
967,2023-12-18 14:14:00.531195,wood/tree70.jpg,4
968,2023-12-18 14:14:00.535566,wood/tree71.jpg,4
969,2023-12-18 14:14:00.541209,wood/tree73.jpg,4
970,2023-12-18 14:14:00.544923,wood/tree75.jpg,4
971,2023-12-18 14:14:00.548522,wood/tree76.jpg,4
972,2023-12-18 14:14:00.552874,wood/tree77.jpg,4
973,2023-12-18 14:14:00.558528,wood/tree8.jpg,4
974,2023-12-18 14:14:00.562423,wood/tree80.jpg,4
975,2023-12-18 14:14:00.566477,wood/tree81.jpg,4
976,2023-12-18 14:14:00.569643,wood/tree82.jpg,4
977,2023-12-18 14:14:00.572959,wood/tree83.jpg,4
978,2023-12-18 14:14:00.576929,wood/tree84.jpg,4
979,2023-12-18 14:14:00.581350,wood/tree87.jpg,4
980,2023-12-18 14:14:00.585176,wood/tree92.jpg,4
981,2023-12-18 14:14:00.589087,wood/tree93.jpg,4
982,2023-12-18 14:14:00.593208,wood/tree94.jpg,4
983,2023-12-18 14:14:00.597798,wood/tree95.jpg,4
